,ID,Recency (months),Frequency (times),Monetary (cc),Time (months),Churn (0/1),R-Score,F-Score,M-Score,RFM-Score,P[B],RFM Resp Prob
35,35,2,8,2000,28,1,5,5,5,15,0.7777777777777778,0.43108843537414965
61,61,2,8,2000,35,1,5,5,5,15,0.4444444444444444,0.43108843537414965
8,8,2,9,2250,22,1,5,5,5,15,0.3333333333333333,0.43108843537414965
46,46,2,9,2250,36,0,5,5,5,15,0.3333333333333333,0.43108843537414965
140,140,2,9,2250,74,0,5,5,5,15,0.0,0.43108843537414965
12,12,2,10,2500,28,1,5,5,5,15,0.5555555555555556,0.43108843537414965
62,62,2,10,2500,49,0,5,5,5,15,0.3333333333333333,0.43108843537414965
109,109,2,10,2500,64,0,5,5,5,15,0.1111111111111111,0.43108843537414965
50,50,2,11,2750,46,0,5,5,5,15,0.1111111111111111,0.43108843537414965
51,51,2,11,2750,46,1,5,5,5,15,0.2222222222222222,0.43108843537414965
119,119,2,11,2750,79,1,5,5,5,15,0.5555555555555556,0.43108843537414965
134,134,2,11,2750,88,0,5,5,5,15,0.0,0.43108843537414965
36,36,2,12,3000,47,1,5,5,5,15,0.7777777777777778,0.43108843537414965
53,53,2,12,3000,52,0,5,5,5,15,0.4444444444444444,0.43108843537414965
114,114,2,12,3000,82,0,5,5,5,15,0.3333333333333333,0.43108843537414965
131,131,2,12,3000,95,0,5,5,5,15,0.2222222222222222,0.43108843537414965
137,137,2,12,3000,98,0,5,5,5,15,0.0,0.43108843537414965
40,40,2,13,3250,53,1,5,5,5,15,0.6666666666666666,0.43108843537414965
101,101,2,13,3250,76,1,5,5,5,15,0.5555555555555556,0.43108843537414965
16,16,2,14,3500,48,1,5,5,5,15,0.7777777777777778,0.43108843537414965
38,38,2,14,3500,57,1,5,5,5,15,0.6666666666666666,0.43108843537414965
17,17,2,15,3750,49,1,5,5,5,15,0.7777777777777778,0.43108843537414965
34,34,2,16,4000,64,0,5,5,5,15,0.6666666666666666,0.43108843537414965
58,58,2,16,4000,81,0,5,5,5,15,0.5555555555555556,0.43108843537414965
3,3,2,20,5000,45,1,5,5,5,15,0.5714285714285714,0.43108843537414965
500,500,2,43,10750,86,1,5,5,5,15,0.16666666666666666,0.43108843537414965
0,0,2,50,12500,98,1,5,5,5,15,0.75,0.43108843537414965
69,69,1,9,2250,51,0,5,5,5,15,0.2222222222222222,0.43108843537414965
7,7,1,12,3000,35,0,5,5,5,15,0.4444444444444444,0.43108843537414965
13,13,1,13,3250,47,0,5,5,5,15,0.5555555555555556,0.43108843537414965
30,30,1,14,3500,58,0,5,5,5,15,0.5555555555555556,0.43108843537414965
2,2,1,16,4000,35,1,5,5,5,15,0.5,0.43108843537414965
4,4,1,24,6000,77,0,5,5,5,15,0.5,0.43108843537414965
106,106,0,8,2000,59,0,5,5,5,15,0.0,0.43108843537414965
1,1,0,13,3250,28,1,5,5,5,15,0.6,0.43108843537414965
65,65,3,16,4000,74,0,4,5,5,14,0.4444444444444444,0.38888888888888884
96,96,3,17,4250,86,0,4,5,5,14,0.3333333333333333,0.38888888888888884
233,233,10,8,2000,39,0,3,5,5,13,0.1111111111111111,0.38172043010752676
196,196,9,8,2000,38,1,3,5,5,13,0.2222222222222222,0.38172043010752676
24,24,9,9,2250,16,0,3,5,5,13,0.4444444444444444,0.38172043010752676
199,199,9,9,2250,45,0,3,5,5,13,0.3333333333333333,0.38172043010752676
240,240,8,8,2000,52,1,3,5,5,13,0.3333333333333333,0.38172043010752676
239,239,8,9,2250,58,0,3,5,5,13,0.2222222222222222,0.38172043010752676
235,235,8,10,2500,63,0,3,5,5,13,0.1111111111111111,0.38172043010752676
188,188,8,15,3750,77,0,3,5,5,13,0.1111111111111111,0.38172043010752676
247,247,7,12,3000,86,0,3,5,5,13,0.1111111111111111,0.38172043010752676
105,105,6,17,4250,70,0,3,5,5,13,0.1111111111111111,0.38172043010752676
141,141,5,14,3500,86,0,3,5,5,13,0.1111111111111111,0.38172043010752676
9,9,5,46,11500,98,1,3,5,5,13,0.4444444444444444,0.38172043010752676
29,29,4,8,2000,21,0,3,5,5,13,0.4444444444444444,0.38172043010752676
56,56,4,8,2000,26,1,3,5,5,13,0.4444444444444444,0.38172043010752676
100,100,4,8,2000,34,1,3,5,5,13,0.5555555555555556,0.38172043010752676
113,113,4,8,2000,40,1,3,5,5,13,0.3333333333333333,0.38172043010752676
126,126,4,8,2000,46,1,3,5,5,13,0.5555555555555556,0.38172043010752676
128,128,4,8,2000,48,1,3,5,5,13,0.3333333333333333,0.38172043010752676
33,33,4,9,2250,26,1,3,5,5,13,0.5555555555555556,0.38172043010752676
45,45,4,9,2250,28,1,3,5,5,13,0.3333333333333333,0.38172043010752676
97,97,4,9,2250,38,1,3,5,5,13,0.4444444444444444,0.38172043010752676
102,102,4,9,2250,40,0,3,5,5,13,0.4444444444444444,0.38172043010752676
111,111,4,9,2250,46,0,3,5,5,13,0.2222222222222222,0.38172043010752676
31,31,4,10,2500,28,1,3,5,5,13,0.5555555555555556,0.38172043010752676
32,32,4,10,2500,28,1,3,5,5,13,0.5555555555555556,0.38172043010752676
21,21,4,11,2750,28,0,3,5,5,13,0.6666666666666666,0.38172043010752676
117,117,4,11,2750,61,0,3,5,5,13,0.4444444444444444,0.38172043010752676
152,152,4,11,2750,78,0,3,5,5,13,0.3333333333333333,0.38172043010752676
27,27,4,12,3000,34,1,3,5,5,13,0.3333333333333333,0.38172043010752676
183,183,4,12,3000,88,0,3,5,5,13,0.1111111111111111,0.38172043010752676
25,25,4,14,3500,40,0,3,5,5,13,0.4444444444444444,0.38172043010752676
72,72,4,17,4250,71,1,3,5,5,13,0.3333333333333333,0.38172043010752676
55,55,4,19,4750,69,1,3,5,5,13,0.5555555555555556,0.38172043010752676
44,44,4,20,5000,69,1,3,5,5,13,0.4444444444444444,0.38172043010752676
10,10,4,23,5750,58,0,3,5,5,13,0.4444444444444444,0.38172043010752676
15,15,2,5,1250,11,1,5,4,4,13,0.6666666666666666,0.38172043010752676
41,41,2,5,1250,16,0,5,4,4,13,0.6666666666666666,0.38172043010752676
42,42,2,5,1250,16,1,5,4,4,13,0.6666666666666666,0.38172043010752676
43,43,2,5,1250,16,0,5,4,4,13,0.5555555555555556,0.38172043010752676
103,103,2,5,1250,26,0,5,4,4,13,0.3333333333333333,0.38172043010752676
104,104,2,5,1250,26,0,5,4,4,13,0.2222222222222222,0.38172043010752676
123,123,2,5,1250,33,1,5,4,4,13,0.6666666666666666,0.38172043010752676
125,125,2,5,1250,34,0,5,4,4,13,0.5555555555555556,0.38172043010752676
136,136,2,5,1250,37,0,5,4,4,13,0.0,0.38172043010752676
195,195,2,5,1250,47,1,5,4,4,13,0.2222222222222222,0.38172043010752676
14,14,2,6,1500,15,1,5,4,4,13,0.5555555555555556,0.38172043010752676
18,18,2,6,1500,15,1,5,4,4,13,0.7777777777777778,0.38172043010752676
22,22,2,6,1500,16,1,5,4,4,13,0.5555555555555556,0.38172043010752676
23,23,2,6,1500,16,1,5,4,4,13,0.4444444444444444,0.38172043010752676
52,52,2,6,1500,22,0,5,4,4,13,0.3333333333333333,0.38172043010752676
84,84,2,6,1500,28,1,5,4,4,13,0.2222222222222222,0.38172043010752676
85,85,2,6,1500,28,0,5,4,4,13,0.1111111111111111,0.38172043010752676
122,122,2,6,1500,41,1,5,4,4,13,0.5555555555555556,0.38172043010752676
251,251,2,6,1500,75,0,5,4,4,13,0.2222222222222222,0.38172043010752676
6,6,2,7,1750,14,1,5,4,4,13,0.5555555555555556,0.38172043010752676
57,57,2,7,1750,28,1,5,4,4,13,0.4444444444444444,0.38172043010752676
60,60,2,7,1750,29,0,5,4,4,13,0.4444444444444444,0.38172043010752676
89,89,2,7,1750,35,1,5,4,4,13,0.2222222222222222,0.38172043010752676
116,116,2,7,1750,46,1,5,4,4,13,0.3333333333333333,0.38172043010752676
150,150,2,7,1750,58,1,5,4,4,13,0.3333333333333333,0.38172043010752676
207,207,2,7,1750,76,0,5,4,4,13,0.0,0.38172043010752676
118,118,1,7,1750,57,0,5,4,4,13,0.4444444444444444,0.38172043010752676
402,402,23,8,2000,46,0,2,5,5,12,0.1111111111111111,0.16666666666666666
448,448,23,8,2000,64,0,2,5,5,12,0.0,0.16666666666666666
444,444,23,12,3000,86,0,2,5,5,12,0.0,0.16666666666666666
438,438,23,14,3500,93,0,2,5,5,12,0.0,0.16666666666666666
366,366,23,15,3750,57,0,2,5,5,12,0.2222222222222222,0.16666666666666666
341,341,23,38,9500,98,0,2,5,5,12,0.1111111111111111,0.16666666666666666
363,363,21,13,3250,57,0,2,5,5,12,0.1111111111111111,0.16666666666666666
359,359,21,16,4000,64,0,2,5,5,12,0.0,0.16666666666666666
439,439,18,8,2000,95,0,2,5,5,12,0.0,0.16666666666666666
256,256,16,8,2000,28,0,2,5,5,12,0.2222222222222222,0.16666666666666666
398,398,16,8,2000,76,0,2,5,5,12,0.2222222222222222,0.16666666666666666
395,395,16,10,2500,89,0,2,5,5,12,0.1111111111111111,0.16666666666666666
270,270,16,11,2750,40,0,2,5,5,12,0.0,0.16666666666666666
291,291,16,12,3000,50,0,2,5,5,12,0.4444444444444444,0.16666666666666666
320,320,15,16,4000,82,0,2,5,5,12,0.3333333333333333,0.16666666666666666
323,323,14,8,2000,50,1,2,5,5,12,0.2222222222222222,0.16666666666666666
276,276,14,13,3250,57,0,2,5,5,12,0.0,0.16666666666666666
280,280,14,16,4000,70,0,2,5,5,12,0.1111111111111111,0.16666666666666666
327,327,14,16,4000,98,0,2,5,5,12,0.2222222222222222,0.16666666666666666
278,278,14,18,4500,78,0,2,5,5,12,0.1111111111111111,0.16666666666666666
184,184,13,8,2000,26,0,2,5,5,12,0.1111111111111111,0.16666666666666666
312,312,12,9,2250,60,0,2,5,5,12,0.0,0.16666666666666666
94,94,12,11,2750,23,0,2,5,5,12,0.2222222222222222,0.16666666666666666
259,259,12,12,3000,58,0,2,5,5,12,0.1111111111111111,0.16666666666666666
254,254,12,13,3250,59,0,2,5,5,12,0.2222222222222222,0.16666666666666666
252,252,11,8,2000,41,1,2,5,5,12,0.2222222222222222,0.16666666666666666
267,267,11,8,2000,46,0,2,5,5,12,0.2222222222222222,0.16666666666666666
279,279,11,8,2000,48,0,2,5,5,12,0.1111111111111111,0.16666666666666666
185,185,11,9,2250,33,0,2,5,5,12,0.0,0.16666666666666666
204,204,11,9,2250,38,0,2,5,5,12,0.1111111111111111,0.16666666666666666
318,318,11,9,2250,72,1,2,5,5,12,0.2222222222222222,0.16666666666666666
175,175,11,10,2500,35,0,2,5,5,12,0.3333333333333333,0.16666666666666666
193,193,11,11,2750,42,0,2,5,5,12,0.3333333333333333,0.16666666666666666
246,246,11,12,3000,58,0,2,5,5,12,0.2222222222222222,0.16666666666666666
261,261,11,14,3500,73,1,2,5,5,12,0.2222222222222222,0.16666666666666666
243,243,11,17,4250,79,1,2,5,5,12,0.3333333333333333,0.16666666666666666
241,241,11,22,5500,98,0,2,5,5,12,0.3333333333333333,0.16666666666666666
115,115,11,24,6000,64,0,2,5,5,12,0.2222222222222222,0.16666666666666666
107,107,3,5,1250,26,0,4,4,4,12,0.1111111111111111,0.16666666666666666
59,59,3,6,1500,21,0,4,4,4,12,0.4444444444444444,0.16666666666666666
138,138,9,5,1250,19,0,3,4,4,11,0.0,0.2969348659003829
321,321,9,5,1250,51,1,3,4,4,11,0.3333333333333333,0.2969348659003829
99,99,5,7,1750,26,1,3,4,4,11,0.5555555555555556,0.2969348659003829
28,28,4,5,1250,11,1,3,4,4,11,0.3333333333333333,0.2969348659003829
54,54,4,5,1250,14,1,3,4,4,11,0.5555555555555556,0.2969348659003829
63,63,4,5,1250,16,1,3,4,4,11,0.4444444444444444,0.2969348659003829
110,110,4,5,1250,23,1,3,4,4,11,0.2222222222222222,0.2969348659003829
112,112,4,5,1250,23,0,3,4,4,11,0.2222222222222222,0.2969348659003829
121,121,4,5,1250,26,1,3,4,4,11,0.5555555555555556,0.2969348659003829
130,130,4,5,1250,28,0,3,4,4,11,0.3333333333333333,0.2969348659003829
177,177,4,5,1250,33,1,3,4,4,11,0.4444444444444444,0.2969348659003829
186,186,4,5,1250,34,0,3,4,4,11,0.1111111111111111,0.2969348659003829
189,189,4,5,1250,35,1,3,4,4,11,0.1111111111111111,0.2969348659003829
245,245,4,5,1250,46,0,3,4,4,11,0.2222222222222222,0.2969348659003829
264,264,4,5,1250,58,0,3,4,4,11,0.3333333333333333,0.2969348659003829
273,273,4,5,1250,58,0,3,4,4,11,0.0,0.2969348659003829
274,274,4,5,1250,58,0,3,4,4,11,0.0,0.2969348659003829
306,306,4,5,1250,74,0,3,4,4,11,0.1111111111111111,0.2969348659003829
26,26,4,6,1500,14,0,3,4,4,11,0.4444444444444444,0.2969348659003829
37,37,4,6,1500,16,1,3,4,4,11,0.7777777777777778,0.2969348659003829
80,80,4,6,1500,23,1,3,4,4,11,0.2222222222222222,0.2969348659003829
133,133,4,6,1500,35,0,3,4,4,11,0.1111111111111111,0.2969348659003829
151,151,4,6,1500,39,0,3,4,4,11,0.3333333333333333,0.2969348659003829
178,178,4,6,1500,41,1,3,4,4,11,0.4444444444444444,0.2969348659003829
197,197,4,6,1500,47,0,3,4,4,11,0.2222222222222222,0.2969348659003829
200,200,4,6,1500,52,0,3,4,4,11,0.2222222222222222,0.2969348659003829
39,39,4,7,1750,22,1,3,4,4,11,0.7777777777777778,0.2969348659003829
68,68,4,7,1750,25,0,3,4,4,11,0.2222222222222222,0.2969348659003829
95,95,4,7,1750,28,0,3,4,4,11,0.2222222222222222,0.2969348659003829
190,190,4,7,1750,52,0,3,4,4,11,0.1111111111111111,0.2969348659003829
191,191,4,7,1750,52,0,3,4,4,11,0.1111111111111111,0.2969348659003829
201,201,4,7,1750,58,0,3,4,4,11,0.1111111111111111,0.2969348659003829
203,203,4,7,1750,58,0,3,4,4,11,0.1111111111111111,0.2969348659003829
268,268,4,7,1750,82,0,3,4,4,11,0.1111111111111111,0.2969348659003829
19,19,2,3,750,4,1,5,3,3,11,0.7777777777777778,0.2969348659003829
20,20,2,3,750,4,1,5,3,3,11,0.7777777777777778,0.2969348659003829
64,64,2,3,750,9,1,5,3,3,11,0.4444444444444444,0.2969348659003829
108,108,2,3,750,14,0,5,3,3,11,0.1111111111111111,0.2969348659003829
120,120,2,3,750,16,1,5,3,3,11,0.6666666666666666,0.2969348659003829
135,135,2,3,750,19,0,5,3,3,11,0.0,0.2969348659003829
179,179,2,3,750,22,0,5,3,3,11,0.4444444444444444,0.2969348659003829
255,255,2,3,750,35,0,5,3,3,11,0.2222222222222222,0.2969348659003829
263,263,2,3,750,38,1,5,3,3,11,0.3333333333333333,0.2969348659003829
303,303,2,3,750,52,0,5,3,3,11,0.1111111111111111,0.2969348659003829
66,66,2,4,1000,14,1,5,3,3,11,0.3333333333333333,0.2969348659003829
70,70,2,4,1000,16,0,5,3,3,11,0.2222222222222222,0.2969348659003829
71,71,2,4,1000,16,0,5,3,3,11,0.2222222222222222,0.2969348659003829
76,76,2,4,1000,16,1,5,3,3,11,0.4444444444444444,0.2969348659003829
81,81,2,4,1000,16,0,5,3,3,11,0.2222222222222222,0.2969348659003829
82,82,2,4,1000,16,0,5,3,3,11,0.2222222222222222,0.2969348659003829
83,83,2,4,1000,16,0,5,3,3,11,0.2222222222222222,0.2969348659003829
124,124,2,4,1000,26,0,5,3,3,11,0.5555555555555556,0.2969348659003829
127,127,2,4,1000,26,0,5,3,3,11,0.4444444444444444,0.2969348659003829
182,182,2,4,1000,35,0,5,3,3,11,0.2222222222222222,0.2969348659003829
192,192,2,4,1000,35,0,5,3,3,11,0.2222222222222222,0.2969348659003829
238,238,2,4,1000,43,0,5,3,3,11,0.1111111111111111,0.2969348659003829
295,295,2,4,1000,70,0,5,3,3,11,0.0,0.2969348659003829
11,11,0,3,750,4,0,5,3,3,11,0.4444444444444444,0.2969348659003829
475,475,26,5,1250,49,1,2,4,4,10,0.1111111111111111,0.1369509043927648
401,401,23,5,1250,33,0,2,4,4,10,0.1111111111111111,0.1369509043927648
470,470,23,5,1250,58,0,2,4,4,10,0.1111111111111111,0.1369509043927648
476,476,23,6,1500,70,0,2,4,4,10,0.1111111111111111,0.1369509043927648
465,465,21,5,1250,60,0,2,4,4,10,0.2222222222222222,0.1369509043927648
486,486,21,6,1500,86,0,2,4,4,10,0.0,0.1369509043927648
369,369,16,5,1250,40,1,2,4,4,10,0.3333333333333333,0.1369509043927648
425,425,16,5,1250,60,0,2,4,4,10,0.0,0.1369509043927648
331,331,16,6,1500,35,0,2,4,4,10,0.3333333333333333,0.1369509043927648
332,332,16,6,1500,35,1,2,4,4,10,0.4444444444444444,0.1369509043927648
356,356,16,6,1500,40,0,2,4,4,10,0.0,0.1369509043927648
271,271,16,7,1750,28,0,2,4,4,10,0.0,0.1369509043927648
324,324,16,7,1750,38,0,2,4,4,10,0.2222222222222222,0.1369509043927648
329,329,16,7,1750,39,0,2,4,4,10,0.2222222222222222,0.1369509043927648
432,432,16,7,1750,87,1,2,4,4,10,0.1111111111111111,0.1369509043927648
435,435,16,7,1750,93,0,2,4,4,10,0.1111111111111111,0.1369509043927648
282,282,14,5,1250,26,0,2,4,4,10,0.1111111111111111,0.1369509043927648
288,288,14,5,1250,28,1,2,4,4,10,0.4444444444444444,0.1369509043927648
296,296,14,5,1250,28,0,2,4,4,10,0.0,0.1369509043927648
376,376,14,5,1250,50,0,2,4,4,10,0.1111111111111111,0.1369509043927648
404,404,14,5,1250,64,0,2,4,4,10,0.0,0.1369509043927648
427,427,14,5,1250,74,0,2,4,4,10,0.0,0.1369509043927648
304,304,14,6,1500,34,0,2,4,4,10,0.1111111111111111,0.1369509043927648
360,360,14,6,1500,51,0,2,4,4,10,0.0,0.1369509043927648
234,234,14,7,1750,26,0,2,4,4,10,0.1111111111111111,0.1369509043927648
330,330,14,7,1750,47,0,2,4,4,10,0.3333333333333333,0.1369509043927648
385,385,14,7,1750,72,0,2,4,4,10,0.0,0.1369509043927648
389,389,14,7,1750,73,0,2,4,4,10,0.0,0.1369509043927648
284,284,11,5,1250,33,0,2,4,4,10,0.2222222222222222,0.1369509043927648
293,293,11,5,1250,35,0,2,4,4,10,0.2222222222222222,0.1369509043927648
294,294,11,5,1250,35,0,2,4,4,10,0.1111111111111111,0.1369509043927648
305,305,11,5,1250,37,1,2,4,4,10,0.1111111111111111,0.1369509043927648
310,310,11,5,1250,38,0,2,4,4,10,0.0,0.1369509043927648
319,319,11,5,1250,41,0,2,4,4,10,0.2222222222222222,0.1369509043927648
352,352,11,5,1250,50,0,2,4,4,10,0.0,0.1369509043927648
205,205,11,6,1500,26,0,2,4,4,10,0.1111111111111111,0.1369509043927648
208,208,11,6,1500,27,0,2,4,4,10,0.0,0.1369509043927648
342,342,11,6,1500,58,0,2,4,4,10,0.1111111111111111,0.1369509043927648
364,364,11,6,1500,71,0,2,4,4,10,0.1111111111111111,0.1369509043927648
198,198,11,7,1750,29,0,2,4,4,10,0.2222222222222222,0.1369509043927648
257,257,11,7,1750,37,0,2,4,4,10,0.1111111111111111,0.1369509043927648
333,333,11,7,1750,62,1,2,4,4,10,0.3333333333333333,0.1369509043927648
337,337,11,7,1750,64,0,2,4,4,10,0.3333333333333333,0.1369509043927648
181,181,10,4,1000,16,0,3,3,3,9,0.3333333333333333,0.2833333333333333
339,339,9,3,750,34,0,3,3,3,9,0.2222222222222222,0.2833333333333333
388,388,9,3,750,52,0,3,3,3,9,0.0,0.2833333333333333
373,373,9,4,1000,65,0,3,3,3,9,0.3333333333333333,0.2833333333333333
146,146,6,3,750,14,0,3,3,3,9,0.3333333333333333,0.2833333333333333
142,142,4,3,750,16,0,3,3,3,9,0.2222222222222222,0.2833333333333333
143,143,4,3,750,16,0,3,3,3,9,0.2222222222222222,0.2833333333333333
145,145,4,3,750,16,1,3,3,3,9,0.3333333333333333,0.2833333333333333
227,227,4,3,750,24,0,3,3,3,9,0.2222222222222222,0.2833333333333333
242,242,4,3,750,25,1,3,3,3,9,0.3333333333333333,0.2833333333333333
258,258,4,3,750,28,0,3,3,3,9,0.1111111111111111,0.2833333333333333
277,277,4,3,750,34,0,3,3,3,9,0.0,0.2833333333333333
362,362,4,3,750,71,0,3,3,3,9,0.1111111111111111,0.2833333333333333
5,5,4,4,1000,4,0,3,3,3,9,0.5555555555555556,0.2833333333333333
98,98,4,4,1000,14,1,3,3,3,9,0.5555555555555556,0.2833333333333333
180,180,4,4,1000,26,1,3,3,3,9,0.4444444444444444,0.2833333333333333
187,187,4,4,1000,26,0,3,3,3,9,0.1111111111111111,0.2833333333333333
260,260,4,4,1000,41,0,3,3,3,9,0.2222222222222222,0.2833333333333333
265,265,4,4,1000,43,1,3,3,3,9,0.3333333333333333,0.2833333333333333
275,275,4,4,1000,46,0,3,3,3,9,0.0,0.2833333333333333
47,47,2,2,500,2,0,5,2,2,9,0.2222222222222222,0.2833333333333333
48,48,2,2,500,2,0,5,2,2,9,0.3333333333333333,0.2833333333333333
49,49,2,2,500,2,0,5,2,2,9,0.2222222222222222,0.2833333333333333
73,73,2,2,500,4,0,5,2,2,9,0.4444444444444444,0.2833333333333333
74,74,2,2,500,4,1,5,2,2,9,0.4444444444444444,0.2833333333333333
75,75,2,2,500,4,1,5,2,2,9,0.4444444444444444,0.2833333333333333
77,77,2,2,500,4,0,5,2,2,9,0.4444444444444444,0.2833333333333333
78,78,2,2,500,4,0,5,2,2,9,0.4444444444444444,0.2833333333333333
79,79,2,2,500,4,0,5,2,2,9,0.3333333333333333,0.2833333333333333
129,129,2,2,500,10,1,5,2,2,9,0.3333333333333333,0.2833333333333333
132,132,2,2,500,10,0,5,2,2,9,0.2222222222222222,0.2833333333333333
139,139,2,2,500,11,0,5,2,2,9,0.0,0.2833333333333333
147,147,2,2,500,11,0,5,2,2,9,0.4444444444444444,0.2833333333333333
148,148,2,2,500,11,1,5,2,2,9,0.4444444444444444,0.2833333333333333
149,149,2,2,500,11,0,5,2,2,9,0.3333333333333333,0.2833333333333333
194,194,2,2,500,14,0,5,2,2,9,0.2222222222222222,0.2833333333333333
206,206,2,2,500,16,0,5,2,2,9,0.1111111111111111,0.2833333333333333
262,262,2,2,500,23,0,5,2,2,9,0.3333333333333333,0.2833333333333333
326,326,2,2,500,41,0,5,2,2,9,0.2222222222222222,0.2833333333333333
67,67,0,2,500,4,0,5,2,2,9,0.3333333333333333,0.2833333333333333
495,495,35,3,750,64,0,2,3,3,8,0.0,0.1168582375478927
428,428,23,3,750,28,0,2,3,3,8,0.0,0.1168582375478927
450,450,23,3,750,33,0,2,3,3,8,0.0,0.1168582375478927
471,471,23,3,750,40,0,2,3,3,8,0.1111111111111111,0.1168582375478927
472,472,23,3,750,41,0,2,3,3,8,0.2222222222222222,0.1168582375478927
487,487,23,3,750,48,0,2,3,3,8,0.0,0.1168582375478927
493,493,23,3,750,89,0,2,3,3,8,0.0,0.1168582375478927
466,466,23,4,1000,45,0,2,3,3,8,0.2222222222222222,0.1168582375478927
485,485,23,4,1000,53,0,2,3,3,8,0.0,0.1168582375478927
492,492,23,4,1000,87,0,2,3,3,8,0.0,0.1168582375478927
397,397,21,3,750,26,0,2,3,3,8,0.2222222222222222,0.1168582375478927
399,399,21,3,750,26,1,2,3,3,8,0.2222222222222222,0.1168582375478927
445,445,21,3,750,35,0,2,3,3,8,0.0,0.1168582375478927
451,451,21,3,750,38,0,2,3,3,8,0.0,0.1168582375478927
489,489,21,3,750,64,0,2,3,3,8,0.0,0.1168582375478927
491,491,21,3,750,70,0,2,3,3,8,0.0,0.1168582375478927
467,467,21,4,1000,52,0,2,3,3,8,0.1111111111111111,0.1168582375478927
309,309,16,3,750,19,0,2,3,3,8,0.1111111111111111,0.1168582375478927
335,335,16,3,750,21,1,2,3,3,8,0.4444444444444444,0.1168582375478927
403,403,16,3,750,34,0,2,3,3,8,0.1111111111111111,0.1168582375478927
429,429,16,3,750,40,0,2,3,3,8,0.1111111111111111,0.1168582375478927
440,440,16,3,750,46,0,2,3,3,8,0.0,0.1168582375478927
449,449,16,3,750,50,0,2,3,3,8,0.0,0.1168582375478927
308,308,16,4,1000,23,0,2,3,3,8,0.1111111111111111,0.1168582375478927
354,354,16,4,1000,28,0,2,3,3,8,0.0,0.1168582375478927
394,394,16,4,1000,40,0,2,3,3,8,0.1111111111111111,0.1168582375478927
413,413,16,4,1000,45,0,2,3,3,8,0.0,0.1168582375478927
289,289,14,3,750,19,1,2,3,3,8,0.4444444444444444,0.1168582375478927
357,357,14,3,750,26,0,2,3,3,8,0.0,0.1168582375478927
371,371,14,3,750,31,0,2,3,3,8,0.2222222222222222,0.1168582375478927
405,405,14,3,750,41,0,2,3,3,8,0.0,0.1168582375478927
437,437,14,3,750,52,0,2,3,3,8,0.0,0.1168582375478927
473,473,14,3,750,83,0,2,3,3,8,0.1111111111111111,0.1168582375478927
281,281,14,4,1000,22,1,2,3,3,8,0.1111111111111111,0.1168582375478927
290,290,14,4,1000,23,1,2,3,3,8,0.4444444444444444,0.1168582375478927
317,317,14,4,1000,26,0,2,3,3,8,0.1111111111111111,0.1168582375478927
328,328,14,4,1000,28,1,2,3,3,8,0.1111111111111111,0.1168582375478927
340,340,14,4,1000,30,0,2,3,3,8,0.1111111111111111,0.1168582375478927
367,367,14,4,1000,38,0,2,3,3,8,0.3333333333333333,0.1168582375478927
374,374,14,4,1000,40,0,2,3,3,8,0.2222222222222222,0.1168582375478927
424,424,14,4,1000,57,0,2,3,3,8,0.0,0.1168582375478927
433,433,14,4,1000,64,0,2,3,3,8,0.1111111111111111,0.1168582375478927
269,269,13,4,1000,21,0,2,3,3,8,0.1111111111111111,0.1168582375478927
209,209,11,3,750,14,0,2,3,3,8,0.0,0.1168582375478927
236,236,11,3,750,15,0,2,3,3,8,0.0,0.1168582375478927
253,253,11,3,750,16,1,2,3,3,8,0.2222222222222222,0.1168582375478927
307,307,11,3,750,23,0,2,3,3,8,0.1111111111111111,0.1168582375478927
336,336,11,3,750,28,0,2,3,3,8,0.4444444444444444,0.1168582375478927
375,375,11,3,750,40,1,2,3,3,8,0.1111111111111111,0.1168582375478927
441,441,11,3,750,76,0,2,3,3,8,0.0,0.1168582375478927
443,443,11,3,750,76,0,2,3,3,8,0.0,0.1168582375478927
176,176,11,4,1000,16,1,2,3,3,8,0.3333333333333333,0.1168582375478927
292,292,11,4,1000,28,0,2,3,3,8,0.3333333333333333,0.1168582375478927
322,322,11,4,1000,34,0,2,3,3,8,0.3333333333333333,0.1168582375478927
390,390,11,4,1000,58,0,2,3,3,8,0.0,0.1168582375478927
391,391,11,4,1000,59,0,2,3,3,8,0.0,0.1168582375478927
393,393,11,4,1000,61,0,2,3,3,8,0.1111111111111111,0.1168582375478927
266,266,3,2,500,23,0,4,2,2,8,0.2222222222222222,0.1168582375478927
244,244,9,2,500,11,0,3,2,2,7,0.3333333333333333,0.18024691358024683
287,287,9,2,500,16,1,3,2,2,7,0.4444444444444444,0.18024691358024683
358,358,9,2,500,26,0,3,2,2,7,0.0,0.18024691358024683
430,430,9,2,500,52,0,3,2,2,7,0.1111111111111111,0.18024691358024683
431,431,9,2,500,52,0,3,2,2,7,0.1111111111111111,0.18024691358024683
283,283,8,2,500,16,0,3,2,2,7,0.1111111111111111,0.18024691358024683
272,272,7,2,500,16,0,3,2,2,7,0.0,0.18024691358024683
202,202,6,2,500,11,1,3,2,2,7,0.1111111111111111,0.18024691358024683
86,86,4,2,500,4,0,3,2,2,7,0.2222222222222222,0.18024691358024683
87,87,4,2,500,4,0,3,2,2,7,0.3333333333333333,0.18024691358024683
88,88,4,2,500,4,0,3,2,2,7,0.3333333333333333,0.18024691358024683
90,90,4,2,500,4,1,3,2,2,7,0.2222222222222222,0.18024691358024683
91,91,4,2,500,4,0,3,2,2,7,0.2222222222222222,0.18024691358024683
92,92,4,2,500,4,0,3,2,2,7,0.2222222222222222,0.18024691358024683
93,93,4,2,500,4,0,3,2,2,7,0.2222222222222222,0.18024691358024683
144,144,4,2,500,9,1,3,2,2,7,0.2222222222222222,0.18024691358024683
237,237,4,2,500,14,0,3,2,2,7,0.1111111111111111,0.18024691358024683
286,286,4,2,500,23,0,3,2,2,7,0.3333333333333333,0.18024691358024683
315,315,4,2,500,29,0,3,2,2,7,0.1111111111111111,0.18024691358024683
355,355,4,2,500,41,0,3,2,2,7,0.0,0.18024691358024683
370,370,4,2,500,51,1,3,2,2,7,0.2222222222222222,0.18024691358024683
372,372,4,2,500,52,0,3,2,2,7,0.3333333333333333,0.18024691358024683
392,392,4,2,500,59,0,3,2,2,7,0.0,0.18024691358024683
153,153,2,1,250,2,1,5,1,1,7,0.2222222222222222,0.18024691358024683
154,154,2,1,250,2,0,5,1,1,7,0.2222222222222222,0.18024691358024683
155,155,2,1,250,2,0,5,1,1,7,0.1111111111111111,0.18024691358024683
156,156,2,1,250,2,0,5,1,1,7,0.1111111111111111,0.18024691358024683
157,157,2,1,250,2,0,5,1,1,7,0.1111111111111111,0.18024691358024683
158,158,2,1,250,2,0,5,1,1,7,0.0,0.18024691358024683
159,159,2,1,250,2,0,5,1,1,7,0.0,0.18024691358024683
160,160,2,1,250,2,0,5,1,1,7,0.1111111111111111,0.18024691358024683
161,161,2,1,250,2,0,5,1,1,7,0.2222222222222222,0.18024691358024683
162,162,2,1,250,2,0,5,1,1,7,0.3333333333333333,0.18024691358024683
163,163,2,1,250,2,1,5,1,1,7,0.3333333333333333,0.18024691358024683
164,164,2,1,250,2,1,5,1,1,7,0.3333333333333333,0.18024691358024683
165,165,2,1,250,2,1,5,1,1,7,0.3333333333333333,0.18024691358024683
166,166,2,1,250,2,0,5,1,1,7,0.3333333333333333,0.18024691358024683
167,167,2,1,250,2,0,5,1,1,7,0.3333333333333333,0.18024691358024683
168,168,2,1,250,2,0,5,1,1,7,0.2222222222222222,0.18024691358024683
169,169,2,1,250,2,0,5,1,1,7,0.1111111111111111,0.18024691358024683
170,170,2,1,250,2,0,5,1,1,7,0.0,0.18024691358024683
171,171,2,1,250,2,0,5,1,1,7,0.0,0.18024691358024683
172,172,2,1,250,2,0,5,1,1,7,0.0,0.18024691358024683
173,173,2,1,250,2,0,5,1,1,7,0.1111111111111111,0.18024691358024683
174,174,2,1,250,2,0,5,1,1,7,0.2222222222222222,0.18024691358024683
426,426,23,2,500,23,0,2,2,2,6,0.0,0.0760233918128655
446,446,23,2,500,26,0,2,2,2,6,0.0,0.0760233918128655
447,447,23,2,500,26,0,2,2,2,6,0.0,0.0760233918128655
452,452,23,2,500,28,0,2,2,2,6,0.0,0.0760233918128655
494,494,23,2,500,87,0,2,2,2,6,0.0,0.0760233918128655
396,396,21,2,500,21,1,2,2,2,6,0.2222222222222222,0.0760233918128655
420,420,21,2,500,23,0,2,2,2,6,0.0,0.0760233918128655
422,422,21,2,500,23,0,2,2,2,6,0.0,0.0760233918128655
423,423,21,2,500,23,0,2,2,2,6,0.0,0.0760233918128655
436,436,21,2,500,25,0,2,2,2,6,0.1111111111111111,0.0760233918128655
474,474,21,2,500,35,0,2,2,2,6,0.1111111111111111,0.0760233918128655
488,488,21,2,500,41,0,2,2,2,6,0.0,0.0760233918128655
400,400,18,2,500,23,0,2,2,2,6,0.2222222222222222,0.0760233918128655
334,334,16,2,500,16,0,2,2,2,6,0.3333333333333333,0.0760233918128655
419,419,16,2,500,26,0,2,2,2,6,0.0,0.0760233918128655
421,421,16,2,500,27,0,2,2,2,6,0.0,0.0760233918128655
490,490,16,2,500,70,0,2,2,2,6,0.0,0.0760233918128655
297,297,14,2,500,14,0,2,2,2,6,0.0,0.0760233918128655
298,298,14,2,500,14,0,2,2,2,6,0.0,0.0760233918128655
299,299,14,2,500,14,0,2,2,2,6,0.0,0.0760233918128655
300,300,14,2,500,14,0,2,2,2,6,0.0,0.0760233918128655
301,301,14,2,500,14,0,2,2,2,6,0.0,0.0760233918128655
302,302,14,2,500,14,0,2,2,2,6,0.1111111111111111,0.0760233918128655
325,325,14,2,500,16,0,2,2,2,6,0.3333333333333333,0.0760233918128655
365,365,14,2,500,21,1,2,2,2,6,0.1111111111111111,0.0760233918128655
434,434,14,2,500,35,0,2,2,2,6,0.1111111111111111,0.0760233918128655
248,248,11,2,500,11,0,2,2,2,6,0.0,0.0760233918128655
249,249,11,2,500,11,0,2,2,2,6,0.1111111111111111,0.0760233918128655
250,250,11,2,500,11,0,2,2,2,6,0.2222222222222222,0.0760233918128655
285,285,11,2,500,14,0,2,2,2,6,0.3333333333333333,0.0760233918128655
311,311,11,2,500,16,0,2,2,2,6,0.0,0.0760233918128655
316,316,11,2,500,17,0,2,2,2,6,0.1111111111111111,0.0760233918128655
351,351,11,2,500,21,0,2,2,2,6,0.0,0.0760233918128655
353,353,11,2,500,21,0,2,2,2,6,0.0,0.0760233918128655
361,361,11,2,500,24,0,2,2,2,6,0.0,0.0760233918128655
368,368,11,2,500,26,0,2,2,2,6,0.3333333333333333,0.0760233918128655
442,442,11,2,500,52,0,2,2,2,6,0.0,0.0760233918128655
469,469,11,2,500,70,0,2,2,2,6,0.1111111111111111,0.0760233918128655
313,313,9,1,250,9,0,3,1,1,5,0.0,0.19907407407407407
314,314,9,1,250,9,0,3,1,1,5,0.0,0.19907407407407407
210,210,4,1,250,4,0,3,1,1,5,0.0,0.19907407407407407
211,211,4,1,250,4,0,3,1,1,5,0.0,0.19907407407407407
212,212,4,1,250,4,0,3,1,1,5,0.1111111111111111,0.19907407407407407
213,213,4,1,250,4,0,3,1,1,5,0.1111111111111111,0.19907407407407407
214,214,4,1,250,4,0,3,1,1,5,0.1111111111111111,0.19907407407407407
215,215,4,1,250,4,1,3,1,1,5,0.1111111111111111,0.19907407407407407
216,216,4,1,250,4,0,3,1,1,5,0.1111111111111111,0.19907407407407407
217,217,4,1,250,4,0,3,1,1,5,0.1111111111111111,0.19907407407407407
218,218,4,1,250,4,0,3,1,1,5,0.2222222222222222,0.19907407407407407
219,219,4,1,250,4,0,3,1,1,5,0.3333333333333333,0.19907407407407407
220,220,4,1,250,4,0,3,1,1,5,0.2222222222222222,0.19907407407407407
221,221,4,1,250,4,1,3,1,1,5,0.3333333333333333,0.19907407407407407
222,222,4,1,250,4,1,3,1,1,5,0.4444444444444444,0.19907407407407407
223,223,4,1,250,4,0,3,1,1,5,0.4444444444444444,0.19907407407407407
224,224,4,1,250,4,1,3,1,1,5,0.4444444444444444,0.19907407407407407
225,225,4,1,250,4,1,3,1,1,5,0.4444444444444444,0.19907407407407407
226,226,4,1,250,4,0,3,1,1,5,0.3333333333333333,0.19907407407407407
228,228,4,1,250,4,0,3,1,1,5,0.3333333333333333,0.19907407407407407
229,229,4,1,250,4,0,3,1,1,5,0.2222222222222222,0.19907407407407407
230,230,4,1,250,4,0,3,1,1,5,0.1111111111111111,0.19907407407407407
231,231,4,1,250,4,1,3,1,1,5,0.1111111111111111,0.19907407407407407
232,232,4,1,250,4,0,3,1,1,5,0.1111111111111111,0.19907407407407407
499,499,74,1,250,74,0,2,1,1,4,0.14285714285714285,0.036529195011337875
498,498,40,1,250,40,0,2,1,1,4,0.125,0.036529195011337875
496,496,38,1,250,38,0,2,1,1,4,0.0,0.036529195011337875
497,497,38,1,250,38,0,2,1,1,4,0.1111111111111111,0.036529195011337875
477,477,23,1,250,23,0,2,1,1,4,0.1111111111111111,0.036529195011337875
478,478,23,1,250,23,0,2,1,1,4,0.1111111111111111,0.036529195011337875
479,479,23,1,250,23,0,2,1,1,4,0.1111111111111111,0.036529195011337875
480,480,23,1,250,23,0,2,1,1,4,0.0,0.036529195011337875
481,481,23,1,250,23,0,2,1,1,4,0.0,0.036529195011337875
482,482,23,1,250,23,0,2,1,1,4,0.0,0.036529195011337875
483,483,23,1,250,23,0,2,1,1,4,0.0,0.036529195011337875
484,484,23,1,250,23,0,2,1,1,4,0.0,0.036529195011337875
468,468,22,1,250,22,1,2,1,1,4,0.1111111111111111,0.036529195011337875
453,453,21,1,250,21,0,2,1,1,4,0.0,0.036529195011337875
454,454,21,1,250,21,0,2,1,1,4,0.0,0.036529195011337875
455,455,21,1,250,21,0,2,1,1,4,0.0,0.036529195011337875
456,456,21,1,250,21,0,2,1,1,4,0.0,0.036529195011337875
457,457,21,1,250,21,0,2,1,1,4,0.0,0.036529195011337875
458,458,21,1,250,21,0,2,1,1,4,0.0,0.036529195011337875
459,459,21,1,250,21,0,2,1,1,4,0.1111111111111111,0.036529195011337875
460,460,21,1,250,21,0,2,1,1,4,0.1111111111111111,0.036529195011337875
461,461,21,1,250,21,0,2,1,1,4,0.1111111111111111,0.036529195011337875
462,462,21,1,250,21,1,2,1,1,4,0.1111111111111111,0.036529195011337875
463,463,21,1,250,21,0,2,1,1,4,0.1111111111111111,0.036529195011337875
464,464,21,1,250,21,0,2,1,1,4,0.1111111111111111,0.036529195011337875
406,406,16,1,250,16,0,2,1,1,4,0.0,0.036529195011337875
407,407,16,1,250,16,0,2,1,1,4,0.0,0.036529195011337875
408,408,16,1,250,16,0,2,1,1,4,0.0,0.036529195011337875
409,409,16,1,250,16,0,2,1,1,4,0.0,0.036529195011337875
410,410,16,1,250,16,0,2,1,1,4,0.0,0.036529195011337875
411,411,16,1,250,16,0,2,1,1,4,0.0,0.036529195011337875
412,412,16,1,250,16,0,2,1,1,4,0.0,0.036529195011337875
414,414,16,1,250,16,0,2,1,1,4,0.0,0.036529195011337875
415,415,16,1,250,16,0,2,1,1,4,0.0,0.036529195011337875
416,416,16,1,250,16,0,2,1,1,4,0.0,0.036529195011337875
417,417,16,1,250,16,0,2,1,1,4,0.0,0.036529195011337875
418,418,16,1,250,16,0,2,1,1,4,0.0,0.036529195011337875
377,377,14,1,250,14,0,2,1,1,4,0.1111111111111111,0.036529195011337875
378,378,14,1,250,14,0,2,1,1,4,0.1111111111111111,0.036529195011337875
379,379,14,1,250,14,0,2,1,1,4,0.1111111111111111,0.036529195011337875
380,380,14,1,250,14,0,2,1,1,4,0.0,0.036529195011337875
381,381,14,1,250,14,0,2,1,1,4,0.0,0.036529195011337875
382,382,14,1,250,14,0,2,1,1,4,0.0,0.036529195011337875
383,383,14,1,250,14,0,2,1,1,4,0.0,0.036529195011337875
384,384,14,1,250,14,0,2,1,1,4,0.0,0.036529195011337875
386,386,14,1,250,14,0,2,1,1,4,0.0,0.036529195011337875
387,387,14,1,250,14,0,2,1,1,4,0.0,0.036529195011337875
338,338,11,1,250,11,1,2,1,1,4,0.2222222222222222,0.036529195011337875
343,343,11,1,250,11,0,2,1,1,4,0.0,0.036529195011337875
344,344,11,1,250,11,0,2,1,1,4,0.0,0.036529195011337875
345,345,11,1,250,11,0,2,1,1,4,0.0,0.036529195011337875
346,346,11,1,250,11,0,2,1,1,4,0.0,0.036529195011337875
347,347,11,1,250,11,0,2,1,1,4,0.0,0.036529195011337875
348,348,11,1,250,11,0,2,1,1,4,0.0,0.036529195011337875
349,349,11,1,250,11,0,2,1,1,4,0.0,0.036529195011337875
350,350,11,1,250,11,0,2,1,1,4,0.0,0.036529195011337875
